"Region","Genotype","Year","x","N","proportion","p_lowerCI","p_upperCI"
"Australia and New Zealand","2.2.1","2010",2,2,1,1,1
"Australia and New Zealand","2.4","2012",1,2,0.5,0,1
"Australia and New Zealand","4.3.1.1","2012",1,2,0.5,0,1
"Australia and New Zealand","3","2013",1,1,1,1,1
"Australia and New Zealand","3.5.4","2016",1,1,1,1,1
"Australia and New Zealand","2.3.5","2017",1,28,0.0357142857142857,0,0.104452921138623
"Australia and New Zealand","3.5.4","2017",26,28,0.928571428571429,0.833177508429734,1
"Australia and New Zealand","4.1","2017",1,28,0.0357142857142857,0,0.104452921138623
"Australia and New Zealand","2.2.2","2018",1,8,0.125,0,0.354176514939904
"Australia and New Zealand","3.1","2018",1,8,0.125,0,0.354176514939904
"Australia and New Zealand","3.3","2018",1,8,0.125,0,0.354176514939904
"Australia and New Zealand","3.3.1","2018",1,8,0.125,0,0.354176514939904
"Australia and New Zealand","3.5.4","2018",1,8,0.125,0,0.354176514939904
"Australia and New Zealand","4.1","2018",2,8,0.25,0,0.550062493490939
"Australia and New Zealand","4.3.1.2","2018",1,8,0.125,0,0.354176514939904
"Australia and New Zealand","3","2019",1,11,0.0909090909090909,0,0.260798788629215
"Australia and New Zealand","3.5.4","2019",6,11,0.545454545454545,0.251196957320773,0.839712133588318
"Australia and New Zealand","4.2.2","2019",1,11,0.0909090909090909,0,0.260798788629215
"Australia and New Zealand","4.3.1.1","2019",1,11,0.0909090909090909,0,0.260798788629215
"Australia and New Zealand","4.3.1.2","2019",2,11,0.181818181818182,0,0.409749129485634
"Australia and New Zealand","3.5.4","2020",1,4,0.25,0,0.674352447854375
"Australia and New Zealand","4.1","2020",2,4,0.5,0.01,0.99
"Australia and New Zealand","4.3.1.2","2020",1,4,0.25,0,0.674352447854375
"Australia and New Zealand","2.2.1","all",2,57,0.0350877192982456,0,0.0828560572162082
"Australia and New Zealand","2.2.2","all",1,57,0.0175438596491228,0,0.0516268586124691
"Australia and New Zealand","2.3.5","all",1,57,0.0175438596491228,0,0.0516268586124691
"Australia and New Zealand","2.4","all",1,57,0.0175438596491228,0,0.0516268586124691
"Australia and New Zealand","3","all",2,57,0.0350877192982456,0,0.0828560572162082
"Australia and New Zealand","3.1","all",1,57,0.0175438596491228,0,0.0516268586124691
"Australia and New Zealand","3.3","all",1,57,0.0175438596491228,0,0.0516268586124691
"Australia and New Zealand","3.3.1","all",1,57,0.0175438596491228,0,0.0516268586124691
"Australia and New Zealand","3.5.4","all",35,57,0.614035087719298,0.487651945045472,0.740418230393124
"Australia and New Zealand","4.1","all",5,57,0.087719298245614,0.0142796713442288,0.161158925146999
"Australia and New Zealand","4.2.2","all",1,57,0.0175438596491228,0,0.0516268586124691
"Australia and New Zealand","4.3.1.1","all",2,57,0.0350877192982456,0,0.0828560572162082
"Australia and New Zealand","4.3.1.2","all",4,57,0.0701754385964912,0.00386044709393378,0.136490430099049
"Caribbean","0.0.3","2016",1,9,0.111111111111111,0,0.316433969055649
"Caribbean","2.3.2","2016",2,9,0.222222222222222,0,0.493838832521368
"Caribbean","4.1","2016",6,9,0.666666666666667,0.358682379749859,0.974650953583474
"Caribbean","2.3.2","2017",1,4,0.25,0,0.674352447854375
"Caribbean","4.1","2017",3,4,0.75,0.325647552145625,1
"Caribbean","0.0.3","2018",1,2,0.5,0,1
"Caribbean","2.3.2","2018",1,2,0.5,0,1
"Caribbean","2.3.2","2019",2,5,0.4,0,0.82941448508405
"Caribbean","2.5","2019",1,5,0.2,0,0.550615458871967
"Caribbean","4.1","2019",2,5,0.4,0,0.82941448508405
"Caribbean","0.0.3","all",2,20,0.1,0,0.231480797076988
"Caribbean","2.3.2","all",6,20,0.3,0.0991597649871919,0.500840235012808
"Caribbean","2.5","all",1,20,0.05,0,0.145518584579128
"Caribbean","4.1","all",11,20,0.55,0.331963764479388,0.768036235520613
"Central America","2.0.2","2011",1,1,1,1,1
"Central America","2.3.2","2012",1,1,1,1,1
"Central America","2.0.2","2016",6,15,0.4,0.152077431442799,0.647922568557201
"Central America","2.3.2","2016",5,15,0.333333333333333,0.094769730508861,0.571896936157806
"Central America","4.1","2016",3,15,0.2,0,0.402427929561774
"Central America","4.3.1.1","2016",1,15,0.0666666666666667,0,0.192902659655695
"Central America","2","2017",1,18,0.0555555555555556,0,0.161376534387933
"Central America","2.0.2","2017",5,18,0.277777777777778,0.0708570524820083,0.484698503073547
"Central America","2.3.2","2017",7,18,0.388888888888889,0.163676293091277,0.614101484686501
"Central America","4.1","2017",4,18,0.222222222222222,0.0301602751967927,0.414284169247652
"Central America","4.3.1.2","2017",1,18,0.0555555555555556,0,0.161376534387933
"Central America","2.0.2","2018",7,13,0.538461538461538,0.267463786588474,0.809459290334603
"Central America","2.3.2","2018",6,13,0.461538461538462,0.190540709665397,0.732536213411526
"Central America","2.0.2","2019",5,52,0.0961538461538462,0.0160257199211434,0.176281972386549
"Central America","2.3.2","2019",36,52,0.692307692307692,0.566860109469064,0.817755275146321
"Central America","4.1","2019",10,52,0.192307692307692,0.0851864252196867,0.299428959395698
"Central America","4.3.1.1.P1","2019",1,52,0.0192307692307692,0,0.0565588914964262
"Central America","2","all",1,100,0.01,0,0.0295017537672898
"Central America","2.0.2","all",24,100,0.24,0.156291706504075,0.323708293495925
"Central America","2.3.2","all",55,100,0.55,0.452491231163551,0.647508768836449
"Central America","4.1","all",17,100,0.17,0.0963759713137077,0.243624028686292
"Central America","4.3.1.1","all",1,100,0.01,0,0.0295017537672898
"Central America","4.3.1.1.P1","all",1,100,0.01,0,0.0295017537672898
"Central America","4.3.1.2","all",1,100,0.01,0,0.0295017537672898
"Eastern Africa","2.2","2010",1,30,0.0333333333333333,0,0.0975685492430114
"Eastern Africa","2.2.2","2010",1,30,0.0333333333333333,0,0.0975685492430114
"Eastern Africa","2.4.1","2010",3,30,0.1,0,0.207353621271013
"Eastern Africa","2.5.1","2010",3,30,0.1,0,0.207353621271013
"Eastern Africa","3.3.1","2010",1,30,0.0333333333333333,0,0.0975685492430114
"Eastern Africa","4.1.1","2010",7,30,0.233333333333333,0.0819816946949674,0.384684971971699
"Eastern Africa","4.3.1.1","2010",1,30,0.0333333333333333,0,0.0975685492430114
"Eastern Africa","4.3.1.1.EA1","2010",4,30,0.133333333333333,0.011689286729835,0.254977379936832
"Eastern Africa","4.3.1.2","2010",2,30,0.0666666666666667,0,0.155928993339026
"Eastern Africa","4.3.1.2.EA3","2010",7,30,0.233333333333333,0.0819816946949674,0.384684971971699
"Eastern Africa","2.2","2011",3,56,0.0535714285714286,0,0.112547059131856
"Eastern Africa","2.4.1","2011",4,56,0.0714285714285714,0.00397488361241122,0.138882259244732
"Eastern Africa","2.5.2","2011",1,56,0.0178571428571429,0,0.0525432351709219
"Eastern Africa","3.3.1","2011",1,56,0.0178571428571429,0,0.0525432351709219
"Eastern Africa","4.1.1","2011",5,56,0.0892857142857143,0.014598868054266,0.163972560517163
"Eastern Africa","4.3.1.1","2011",3,56,0.0535714285714286,0,0.112547059131856
"Eastern Africa","4.3.1.1.EA1","2011",37,56,0.660714285714286,0.536705717461927,0.784722853966645
"Eastern Africa","4.3.1.2.EA3","2011",2,56,0.0357142857142857,0,0.0843198409523447
"Eastern Africa","1.2","2012",1,88,0.0113636363636364,0,0.0335094524763872
"Eastern Africa","2.2.2","2012",1,88,0.0113636363636364,0,0.0335094524763872
"Eastern Africa","2.5.2","2012",2,88,0.0227272727272727,0,0.0538656722505064
"Eastern Africa","4.1","2012",1,88,0.0113636363636364,0,0.0335094524763872
"Eastern Africa","4.1.1","2012",1,88,0.0113636363636364,0,0.0335094524763872
"Eastern Africa","4.3.1.1.EA1","2012",81,88,0.920454545454545,0.863918738864856,0.976990352044235
"Eastern Africa","4.3.1.2.EA2","2012",1,88,0.0113636363636364,0,0.0335094524763872
"Eastern Africa","2.2","2013",1,30,0.0333333333333333,0,0.0975685492430114
"Eastern Africa","2.2.2","2013",1,30,0.0333333333333333,0,0.0975685492430114
"Eastern Africa","2.5.2","2013",1,30,0.0333333333333333,0,0.0975685492430114
"Eastern Africa","4.3.1.1.EA1","2013",14,30,0.466666666666667,0.288142013321948,0.645191320011385
"Eastern Africa","4.3.1.2.EA2","2013",8,30,0.266666666666667,0.108421474825838,0.424911858507496
"Eastern Africa","4.3.1.2.EA3","2013",5,30,0.166666666666667,0.0333055584484714,0.300027774884862
"Eastern Africa","3","2014",1,24,0.0416666666666667,0,0.121613842513759
"Eastern Africa","3.1","2014",1,24,0.0416666666666667,0,0.121613842513759
"Eastern Africa","3.3.1","2014",2,24,0.0833333333333333,0,0.193910522729767
"Eastern Africa","4.3.1.1.EA1","2014",12,24,0.5,0.299958337672707,0.700041662327293
"Eastern Africa","4.3.1.2.EA2","2014",4,24,0.166666666666667,0.0175644149013714,0.315768918431962
"Eastern Africa","4.3.1.2.EA3","2014",4,24,0.166666666666667,0.0175644149013714,0.315768918431962
"Eastern Africa","4.3.1.1.EA1","2015",137,198,0.691919191919192,0.627608454855698,0.756229928982686
"Eastern Africa","4.3.1.2.EA2","2015",20,198,0.101010101010101,0.0590358181408814,0.142984383879321
"Eastern Africa","4.3.1.2.EA3","2015",41,198,0.207070707070707,0.150629012986015,0.263512401155399
"Eastern Africa","2.5","2016",2,205,0.00975609756097561,0,0.0232112399040431
"Eastern Africa","2.5.1","2016",1,205,0.0048780487804878,0,0.0144156764296062
"Eastern Africa","3","2016",1,205,0.0048780487804878,0,0.0144156764296062
"Eastern Africa","3.3.1","2016",2,205,0.00975609756097561,0,0.0232112399040431
"Eastern Africa","4.3.1.1.EA1","2016",182,205,0.88780487804878,0.844600785096843,0.931008971000718
"Eastern Africa","4.3.1.2.EA2","2016",13,205,0.0634146341463415,0.030052980424431,0.096776287868252
"Eastern Africa","4.3.1.2.EA3","2016",4,205,0.0195121951219512,0.000577718539604793,0.0384466717042976
"Eastern Africa","2.5","2017",1,37,0.027027027027027,0,0.079279245694892
"Eastern Africa","3.3.1","2017",1,37,0.027027027027027,0,0.079279245694892
"Eastern Africa","4.3.1.1.EA1","2017",32,37,0.864864864864865,0.754707515673117,0.975022214056613
"Eastern Africa","4.3.1.2.EA3","2017",3,37,0.0810810810810811,0,0.169034671160494
"Eastern Africa","2.4.1","2018",2,54,0.037037037037037,0,0.0874082143080694
"Eastern Africa","4.3.1.1.EA1","2018",44,54,0.814814814814815,0.7112071775548,0.91842245207483
"Eastern Africa","4.3.1.2.EA3","2018",8,54,0.148148148148148,0.0533959397367793,0.242900356559517
"Eastern Africa","2.2","2019",1,108,0.00925925925925926,0,0.0273231928084625
"Eastern Africa","2.5","2019",1,108,0.00925925925925926,0,0.0273231928084625
"Eastern Africa","3.1","2019",1,108,0.00925925925925926,0,0.0273231928084625
"Eastern Africa","4.3.1.1.EA1","2019",104,108,0.962962962962963,0.927345161938266,0.99858076398766
"Eastern Africa","4.3.1.2.EA3","2019",1,108,0.00925925925925926,0,0.0273231928084625
"Eastern Africa","1.2","all",1,830,0.00120481927710843,0,0.00356484207380073
"Eastern Africa","2.2","all",6,830,0.0072289156626506,0.00146552360307044,0.0129923077222308
"Eastern Africa","2.2.2","all",3,830,0.0036144578313253,0,0.00769720338892738
"Eastern Africa","2.4.1","all",9,830,0.0108433734939759,0.00379754989180303,0.0178891970961488
"Eastern Africa","2.5","all",4,830,0.00481927710843374,0.000107779748313028,0.00953077446855444
"Eastern Africa","2.5.1","all",4,830,0.00481927710843374,0.000107779748313028,0.00953077446855444
"Eastern Africa","2.5.2","all",4,830,0.00481927710843374,0.000107779748313028,0.00953077446855444
"Eastern Africa","3","all",2,830,0.00240963855421687,0,0.00574520117996391
"Eastern Africa","3.1","all",2,830,0.00240963855421687,0,0.00574520117996391
"Eastern Africa","3.3.1","all",7,830,0.00843373493975904,0.00221233858490958,0.0146551312946085
"Eastern Africa","4.1","all",1,830,0.00120481927710843,0,0.00356484207380073
"Eastern Africa","4.1.1","all",13,830,0.0156626506024096,0.00721527826350264,0.0241100229413166
"Eastern Africa","4.3.1.1","all",4,830,0.00481927710843374,0.000107779748313028,0.00953077446855444
"Eastern Africa","4.3.1.1.EA1","all",647,830,0.779518072289157,0.751313688349638,0.807722456228675
"Eastern Africa","4.3.1.2","all",2,830,0.00240963855421687,0,0.00574520117996391
"Eastern Africa","4.3.1.2.EA2","all",46,830,0.055421686746988,0.0398557278268351,0.0709876456671408
"Eastern Africa","4.3.1.2.EA3","all",75,830,0.0903614457831325,0.0708565766715294,0.109866314894736
"Eastern Asia","2.3.4","2011",1,1,1,1,1
"Eastern Asia","2.2.2","2014",1,1,1,1,1
"Eastern Asia","4.3.1.2","2019",1,1,1,1,1
"Eastern Asia","2.2.2","all",1,3,0.333333333333333,0,0.866777766206114
"Eastern Asia","2.3.4","all",1,3,0.333333333333333,0,0.866777766206114
"Eastern Asia","4.3.1.2","all",1,3,0.333333333333333,0,0.866777766206114
"Eastern Europe","2.2","2017",1,1,1,1,1
"Eastern Europe","2.2","all",1,1,1,1,1
"Melanesia","2.1.7.1","2010",5,5,1,1,1
"Melanesia","3.3.1","2011",1,30,0.0333333333333333,0,0.0975685492430114
"Melanesia","4.2.1","2011",1,30,0.0333333333333333,0,0.0975685492430114
"Melanesia","4.2.2","2011",28,30,0.933333333333333,0.844071006660974,1
"Melanesia","4.2.2","2012",1,1,1,1,1
"Melanesia","4.2.2","2018",1,1,1,1,1
"Melanesia","2.1.7.1","all",5,37,0.135135135135135,0.0249777859433869,0.245292484326883
"Melanesia","3.3.1","all",1,37,0.027027027027027,0,0.079279245694892
"Melanesia","4.2.1","all",1,37,0.027027027027027,0,0.079279245694892
"Melanesia","4.2.2","all",30,37,0.810810810810811,0.684609713054094,0.937011908567528
"Micronesia","2.3.3","2018",1,1,1,1,1
"Micronesia","2.3.3","all",1,1,1,1,1
"Middle Africa","2.5.1","2010",6,6,1,1,1
"Middle Africa","2.5.1","2011",9,9,1,1,1
"Middle Africa","4.1.1","2015",2,2,1,1,1
"Middle Africa","2.5.1","2016",1,1,1,1,1
"Middle Africa","4.3.1.2.EA3","2018",1,1,1,1,1
"Middle Africa","2.1","2019",2,2,1,1,1
"Middle Africa","2.1","all",2,21,0.0952380952380952,0,0.220788734276544
"Middle Africa","2.5.1","all",16,21,0.761904761904762,0.579736748287702,0.944072775521821
"Middle Africa","4.1.1","all",2,21,0.0952380952380952,0,0.220788734276544
"Middle Africa","4.3.1.2.EA3","all",1,21,0.0476190476190476,0,0.138703054427577
"Northern Africa","0.1","2015",1,1,1,1,1
"Northern Africa","0.1","2017",1,2,0.5,0,1
"Northern Africa","1.1","2017",1,2,0.5,0,1
"Northern Africa","4","2018",2,2,1,1,1
"Northern Africa","3.3","2019",1,1,1,1,1
"Northern Africa","0.1","all",2,6,0.333333333333333,0,0.710535509203889
"Northern Africa","1.1","all",1,6,0.166666666666667,0,0.464871170197257
"Northern Africa","3.3","all",1,6,0.166666666666667,0,0.464871170197257
"Northern Africa","4","all",2,6,0.333333333333333,0,0.710535509203889
"Northern America","3.2.1","2015",1,2,0.5,0,1
"Northern America","3.3","2015",1,2,0.5,0,1
"Northern America","0","2016",1,42,0.0238095238095238,0,0.0699172880789603
"Northern America","0.0.1","2016",1,42,0.0238095238095238,0,0.0699172880789603
"Northern America","2","2016",2,42,0.0476190476190476,0,0.112025166491001
"Northern America","2.0.2","2016",4,42,0.0952380952380952,0.00646038699170333,0.184015803484487
"Northern America","2.3.2","2016",5,42,0.119047619047619,0.0211058373985568,0.216989400696681
"Northern America","2.3.3","2016",5,42,0.119047619047619,0.0211058373985568,0.216989400696681
"Northern America","2.4","2016",1,42,0.0238095238095238,0,0.0699172880789603
"Northern America","2.5","2016",2,42,0.0476190476190476,0,0.112025166491001
"Northern America","3.1.1","2016",1,42,0.0238095238095238,0,0.0699172880789603
"Northern America","3.2.1","2016",1,42,0.0238095238095238,0,0.0699172880789603
"Northern America","3.3","2016",1,42,0.0238095238095238,0,0.0699172880789603
"Northern America","3.3.1","2016",1,42,0.0238095238095238,0,0.0699172880789603
"Northern America","4.1","2016",6,42,0.142857142857143,0.0370270904145592,0.248687195299726
"Northern America","4.3.1","2016",3,42,0.0714285714285714,0,0.149317381065558
"Northern America","4.3.1.1","2016",6,42,0.142857142857143,0.0370270904145592,0.248687195299726
"Northern America","4.3.1.1.EA1","2016",1,42,0.0238095238095238,0,0.0699172880789603
"Northern America","4.3.1.2","2016",1,42,0.0238095238095238,0,0.0699172880789603
"Northern America","0.0.3","2017",20,44,0.454545454545455,0.307416660478568,0.601674248612341
"Northern America","2","2017",1,44,0.0227272727272727,0,0.0667636196436217
"Northern America","2.2","2017",1,44,0.0227272727272727,0,0.0667636196436217
"Northern America","2.3.2","2017",4,44,0.0909090909090909,0.00596424204902905,0.175853939769153
"Northern America","2.3.3","2017",2,44,0.0454545454545455,0,0.107002935828509
"Northern America","3.1.1","2017",2,44,0.0454545454545455,0,0.107002935828509
"Northern America","4.1","2017",1,44,0.0227272727272727,0,0.0667636196436217
"Northern America","4.3.1","2017",2,44,0.0454545454545455,0,0.107002935828509
"Northern America","4.3.1.1","2017",6,44,0.136363636363636,0.0349621128509262,0.237765159876347
"Northern America","4.3.1.1.EA1","2017",3,44,0.0681818181818182,0,0.142660093696672
"Northern America","4.3.1.2","2017",2,44,0.0454545454545455,0,0.107002935828509
"Northern America","0.0.3","2018",2,22,0.0909090909090909,0,0.211039248220723
"Northern America","0.1","2018",1,22,0.0454545454545455,0,0.132497113863639
"Northern America","2.0.2","2018",2,22,0.0909090909090909,0,0.211039248220723
"Northern America","2.3.2","2018",6,22,0.272727272727273,0.0866224332691812,0.458832112185364
"Northern America","2.3.3","2018",2,22,0.0909090909090909,0,0.211039248220723
"Northern America","3.0.1","2018",1,22,0.0454545454545455,0,0.132497113863639
"Northern America","4.1","2018",2,22,0.0909090909090909,0,0.211039248220723
"Northern America","4.1.1","2018",1,22,0.0454545454545455,0,0.132497113863639
"Northern America","4.3.1.1","2018",1,22,0.0454545454545455,0,0.132497113863639
"Northern America","4.3.1.2","2018",4,22,0.181818181818182,0.02064666308025,0.342989700556114
"Northern America","2.0.1","2019",1,30,0.0333333333333333,0,0.0975685492430114
"Northern America","2.0.2","2019",4,30,0.133333333333333,0.011689286729835,0.254977379936832
"Northern America","2.2","2019",1,30,0.0333333333333333,0,0.0975685492430114
"Northern America","2.3.2","2019",6,30,0.2,0.0568618383053166,0.343138161694683
"Northern America","2.3.3","2019",2,30,0.0666666666666667,0,0.155928993339026
"Northern America","2.4","2019",1,30,0.0333333333333333,0,0.0975685492430114
"Northern America","2.5","2019",1,30,0.0333333333333333,0,0.0975685492430114
"Northern America","3","2019",2,30,0.0666666666666667,0,0.155928993339026
"Northern America","3.1.1","2019",1,30,0.0333333333333333,0,0.0975685492430114
"Northern America","3.3","2019",1,30,0.0333333333333333,0,0.0975685492430114
"Northern America","4.1","2019",3,30,0.1,0,0.207353621271013
"Northern America","4.3.1.1","2019",1,30,0.0333333333333333,0,0.0975685492430114
"Northern America","4.3.1.1.P1","2019",1,30,0.0333333333333333,0,0.0975685492430114
"Northern America","4.3.1.2","2019",5,30,0.166666666666667,0.0333055584484714,0.300027774884862
"Northern America","0","all",1,140,0.00714285714285714,0,0.0210927675368346
"Northern America","0.0.1","all",1,140,0.00714285714285714,0,0.0210927675368346
"Northern America","0.0.3","all",22,140,0.157142857142857,0.096856872038523,0.217428842247191
"Northern America","0.1","all",1,140,0.00714285714285714,0,0.0210927675368346
"Northern America","2","all",3,140,0.0214285714285714,0,0.0454160681716666
"Northern America","2.0.1","all",1,140,0.00714285714285714,0,0.0210927675368346
"Northern America","2.0.2","all",10,140,0.0714285714285714,0.0287671134131683,0.114090029443975
"Northern America","2.2","all",2,140,0.0142857142857143,0,0.0339427740862033
"Northern America","2.3.2","all",21,140,0.15,0.0908510355120227,0.209148964487977
"Northern America","2.3.3","all",11,140,0.0785714285714286,0.034000137362849,0.123142719780008
"Northern America","2.4","all",2,140,0.0142857142857143,0,0.0339427740862033
"Northern America","2.5","all",3,140,0.0214285714285714,0,0.0454160681716666
"Northern America","3","all",2,140,0.0142857142857143,0,0.0339427740862033
"Northern America","3.0.1","all",1,140,0.00714285714285714,0,0.0210927675368346
"Northern America","3.1.1","all",4,140,0.0285714285714286,0.000974327274372026,0.0561685298684851
"Northern America","3.2.1","all",2,140,0.0142857142857143,0,0.0339427740862033
"Northern America","3.3","all",3,140,0.0214285714285714,0,0.0454160681716666
"Northern America","3.3.1","all",1,140,0.00714285714285714,0,0.0210927675368346
"Northern America","4.1","all",12,140,0.0857142857142857,0.0393418801264795,0.132086691302092
"Northern America","4.1.1","all",1,140,0.00714285714285714,0,0.0210927675368346
"Northern America","4.3.1","all",5,140,0.0357142857142857,0.00497343341640692,0.0664551380121645
"Northern America","4.3.1.1","all",14,140,0.1,0.0503049298219632,0.149695070178037
"Northern America","4.3.1.1.EA1","all",4,140,0.0285714285714286,0.000974327274372026,0.0561685298684851
"Northern America","4.3.1.1.P1","all",1,140,0.00714285714285714,0,0.0210927675368346
"Northern America","4.3.1.2","all",12,140,0.0857142857142857,0.0393418801264795,0.132086691302092
"Northern Europe","2","2012",1,28,0.0357142857142857,0,0.104452921138623
"Northern Europe","2.2","2012",1,28,0.0357142857142857,0,0.104452921138623
"Northern Europe","2.2.2","2012",2,28,0.0714285714285714,0,0.166822491570266
"Northern Europe","2.5.1","2012",1,28,0.0357142857142857,0,0.104452921138623
"Northern Europe","3.3","2012",1,28,0.0357142857142857,0,0.104452921138623
"Northern Europe","3.3.1","2012",2,28,0.0714285714285714,0,0.166822491570266
"Northern Europe","4.3.1","2012",4,28,0.142857142857143,0.0132423288889856,0.2724719568253
"Northern Europe","4.3.1.1","2012",8,28,0.285714285714286,0.118382280407471,0.453046291021101
"Northern Europe","4.3.1.1.EA1","2012",1,28,0.0357142857142857,0,0.104452921138623
"Northern Europe","4.3.1.2","2012",7,28,0.25,0.0896098506765456,0.410390149323454
"Northern Europe","0.0.3","2014",1,17,0.0588235294117647,0,0.170675252957932
"Northern Europe","2.2.2","2014",1,17,0.0588235294117647,0,0.170675252957932
"Northern Europe","2.5","2014",2,17,0.117647058823529,0,0.270806339028699
"Northern Europe","3","2014",1,17,0.0588235294117647,0,0.170675252957932
"Northern Europe","4.3.1","2014",1,17,0.0588235294117647,0,0.170675252957932
"Northern Europe","4.3.1.1","2014",6,17,0.352941176470588,0.125769252042141,0.580113100899036
"Northern Europe","4.3.1.2","2014",4,17,0.235294117647059,0.0336505553996936,0.436937679894424
"Northern Europe","4.3.1.2.EA3","2014",1,17,0.0588235294117647,0,0.170675252957932
"Northern Europe","2","2015",1,22,0.0454545454545455,0,0.132497113863639
"Northern Europe","2.2","2015",2,22,0.0909090909090909,0,0.211039248220723
"Northern Europe","2.3.2","2015",1,22,0.0454545454545455,0,0.132497113863639
"Northern Europe","3","2015",3,22,0.136363636363636,0,0.279767046160605
"Northern Europe","3.1.1","2015",1,22,0.0454545454545455,0,0.132497113863639
"Northern Europe","3.2.2","2015",4,22,0.181818181818182,0.02064666308025,0.342989700556114
"Northern Europe","3.3","2015",1,22,0.0454545454545455,0,0.132497113863639
"Northern Europe","3.3.2","2015",2,22,0.0909090909090909,0,0.211039248220723
"Northern Europe","4.1","2015",2,22,0.0909090909090909,0,0.211039248220723
"Northern Europe","4.3.1.1","2015",2,22,0.0909090909090909,0,0.211039248220723
"Northern Europe","4.3.1.2","2015",3,22,0.136363636363636,0,0.279767046160605
"Northern Europe","0.0.1","2016",1,14,0.0714285714285714,0,0.206335947060892
"Northern Europe","2","2016",1,14,0.0714285714285714,0,0.206335947060892
"Northern Europe","2.2","2016",2,14,0.142857142857143,0,0.326160170655376
"Northern Europe","2.5","2016",2,14,0.142857142857143,0,0.326160170655376
"Northern Europe","3","2016",1,14,0.0714285714285714,0,0.206335947060892
"Northern Europe","3.1.1","2016",1,14,0.0714285714285714,0,0.206335947060892
"Northern Europe","4.3.1","2016",2,14,0.142857142857143,0,0.326160170655376
"Northern Europe","4.3.1.1","2016",1,14,0.0714285714285714,0,0.206335947060892
"Northern Europe","4.3.1.2","2016",3,14,0.214285714285714,0,0.429227566887761
"Northern Europe","0.0.3","2017",1,8,0.125,0,0.354176514939904
"Northern Europe","2","2017",1,8,0.125,0,0.354176514939904
"Northern Europe","3.2.2","2017",1,8,0.125,0,0.354176514939904
"Northern Europe","4.3.1.1","2017",3,8,0.375,0.0395199335280857,0.710480066471914
"Northern Europe","4.3.1.2","2017",2,8,0.25,0,0.550062493490939
"Northern Europe","2","2018",1,10,0.1,0,0.285941926417901
"Northern Europe","2.2","2018",1,10,0.1,0,0.285941926417901
"Northern Europe","2.3.2","2018",1,10,0.1,0,0.285941926417901
"Northern Europe","2.4","2018",1,10,0.1,0,0.285941926417901
"Northern Europe","3.3","2018",3,10,0.3,0.015969015774687,0.584030984225313
"Northern Europe","4.3.1.1","2018",2,10,0.2,0,0.447922568557201
"Northern Europe","4.3.1.1.EA1","2018",1,10,0.1,0,0.285941926417901
"Northern Europe","2.2.2","2019",1,6,0.166666666666667,0,0.464871170197257
"Northern Europe","2.3.1","2019",1,6,0.166666666666667,0,0.464871170197257
"Northern Europe","4.3.1","2019",2,6,0.333333333333333,0,0.710535509203889
"Northern Europe","4.3.1.1","2019",2,6,0.333333333333333,0,0.710535509203889
"Northern Europe","0.0.1","all",1,105,0.00952380952380952,0,0.028101374647526
"Northern Europe","0.0.3","all",2,105,0.019047619047619,0,0.0451936477100147
"Northern Europe","2","all",5,105,0.0476190476190476,0.00688504144166237,0.0883530537964329
"Northern Europe","2.2","all",6,105,0.0571428571428571,0.01274465898122,0.101541055304494
"Northern Europe","2.2.2","all",4,105,0.0380952380952381,0.001479920515276,0.0747105556752002
"Northern Europe","2.3.1","all",1,105,0.00952380952380952,0,0.028101374647526
"Northern Europe","2.3.2","all",2,105,0.019047619047619,0,0.0451936477100147
"Northern Europe","2.4","all",1,105,0.00952380952380952,0,0.028101374647526
"Northern Europe","2.5","all",4,105,0.0380952380952381,0.001479920515276,0.0747105556752002
"Northern Europe","2.5.1","all",1,105,0.00952380952380952,0,0.028101374647526
"Northern Europe","3","all",5,105,0.0476190476190476,0.00688504144166237,0.0883530537964329
"Northern Europe","3.1.1","all",2,105,0.019047619047619,0,0.0451936477100147
"Northern Europe","3.2.2","all",5,105,0.0476190476190476,0.00688504144166237,0.0883530537964329
"Northern Europe","3.3","all",5,105,0.0476190476190476,0.00688504144166237,0.0883530537964329
"Northern Europe","3.3.1","all",2,105,0.019047619047619,0,0.0451936477100147
"Northern Europe","3.3.2","all",2,105,0.019047619047619,0,0.0451936477100147
"Northern Europe","4.1","all",2,105,0.019047619047619,0,0.0451936477100147
"Northern Europe","4.3.1","all",9,105,0.0857142857142857,0.0321680440161049,0.139260527412467
"Northern Europe","4.3.1.1","all",24,105,0.228571428571429,0.148252066024157,0.3088907911187
"Northern Europe","4.3.1.1.EA1","all",2,105,0.019047619047619,0,0.0451936477100147
"Northern Europe","4.3.1.2","all",19,105,0.180952380952381,0.107315031331015,0.254589730573747
"Northern Europe","4.3.1.2.EA3","all",1,105,0.00952380952380952,0,0.028101374647526
"Polynesia","3.5.3","2010",2,7,0.285714285714286,0,0.620378296327916
"Polynesia","3.5.4","2010",5,7,0.714285714285714,0.379621703672084,1
"Polynesia","2.3.5","2011",1,10,0.1,0,0.285941926417901
"Polynesia","3.5.4","2011",9,10,0.9,0.714058073582099,1
"Polynesia","2.2.1","2012",1,58,0.0172413793103448,0,0.0507418962692883
"Polynesia","3.5.4","2012",54,58,0.931034482758621,0.86582046512228,0.996248500394961
"Polynesia","4.1","2012",3,58,0.0517241379310345,0,0.108721670199133
"Polynesia","3.5.4","2014",2,2,1,1,1
"Polynesia","3.5.4","2015",1,1,1,1,1
"Polynesia","3.5.4","2016",1,1,1,1,1
"Polynesia","2.3.5","2017",2,9,0.222222222222222,0,0.493838832521368
"Polynesia","3.5.4","2017",5,9,0.555555555555556,0.230911612155586,0.880199498955525
"Polynesia","4.1","2017",2,9,0.222222222222222,0,0.493838832521368
"Polynesia","3.5.3","2018",1,77,0.012987012987013,0,0.0382757290186233
"Polynesia","3.5.4","2018",75,77,0.974025974025974,0.938498395083487,1
"Polynesia","4.1","2018",1,77,0.012987012987013,0,0.0382757290186233
"Polynesia","3.5.4","2019",78,81,0.962962962962963,0.921835068943861,1
"Polynesia","4.1","2019",3,81,0.037037037037037,0,0.0781649310561393
"Polynesia","3.5.4","2020",16,16,1,1,1
"Polynesia","2.2.1","all",1,262,0.00381679389312977,0,0.0112834197176251
"Polynesia","2.3.5","all",3,262,0.0114503816793893,0,0.0243333115826276
"Polynesia","3.5.3","all",3,262,0.0114503816793893,0,0.0243333115826276
"Polynesia","3.5.4","all",246,262,0.938931297709924,0.909935725797028,0.967926869622819
"Polynesia","4.1","all",9,262,0.0343511450381679,0.0122972324098052,0.0564050576665307
"South America","1.1","2011",1,8,0.125,0,0.354176514939904
"South America","2.3.3","2011",1,8,0.125,0,0.354176514939904
"South America","3.5","2011",5,8,0.625,0.289519933528086,0.960480066471914
"South America","4.1","2011",1,8,0.125,0,0.354176514939904
"South America","1.1","2012",18,35,0.514285714285714,0.348703106503375,0.679868322068053
"South America","2","2012",7,35,0.2,0.0674798128585686,0.332520187141431
"South America","2.0.2","2012",1,35,0.0285714285714286,0,0.0837656311655417
"South America","2.3.2","2012",1,35,0.0285714285714286,0,0.0837656311655417
"South America","3.5","2012",7,35,0.2,0.0674798128585686,0.332520187141431
"South America","4.3.1.2","2012",1,35,0.0285714285714286,0,0.0837656311655417
"South America","1.2.1","2013",3,10,0.3,0.015969015774687,0.584030984225313
"South America","2","2013",1,10,0.1,0,0.285941926417901
"South America","3.5","2013",6,10,0.6,0.296358105657338,0.903641894342661
"South America","1.2.1","2014",1,8,0.125,0,0.354176514939904
"South America","2","2014",2,8,0.25,0,0.550062493490939
"South America","2.0.2","2014",3,8,0.375,0.0395199335280857,0.710480066471914
"South America","3.5","2014",2,8,0.25,0,0.550062493490939
"South America","2.0.2","2015",1,14,0.0714285714285714,0,0.206335947060892
"South America","2.2","2015",3,14,0.214285714285714,0,0.429227566887761
"South America","3.3","2015",1,14,0.0714285714285714,0,0.206335947060892
"South America","3.5","2015",3,14,0.214285714285714,0,0.429227566887761
"South America","4.1","2015",1,14,0.0714285714285714,0,0.206335947060892
"South America","4.3.1.1","2015",1,14,0.0714285714285714,0,0.206335947060892
"South America","4.3.1.2","2015",4,14,0.285714285714286,0.049071094390301,0.52235747703827
"South America","1.2.1","2016",1,12,0.0833333333333333,0,0.239713094266869
"South America","2","2016",3,12,0.25,0.005,0.495
"South America","2.3.3","2016",3,12,0.25,0.005,0.495
"South America","2.5","2016",1,12,0.0833333333333333,0,0.239713094266869
"South America","3.5","2016",3,12,0.25,0.005,0.495
"South America","4.3.1.1","2016",1,12,0.0833333333333333,0,0.239713094266869
"South America","1.2.1","2017",1,7,0.142857142857143,0,0.402086770793457
"South America","2","2017",5,7,0.714285714285714,0.379621703672084,1
"South America","3.5","2017",1,7,0.142857142857143,0,0.402086770793457
"South America","2","2018",1,9,0.111111111111111,0,0.316433969055649
"South America","2.0.2","2018",1,9,0.111111111111111,0,0.316433969055649
"South America","2.3.3","2018",1,9,0.111111111111111,0,0.316433969055649
"South America","2.5","2018",1,9,0.111111111111111,0,0.316433969055649
"South America","3","2018",1,9,0.111111111111111,0,0.316433969055649
"South America","3.5","2018",1,9,0.111111111111111,0,0.316433969055649
"South America","4.1","2018",3,9,0.333333333333333,0.0253490464165259,0.641317620250141
"South America","2.5","2019",2,2,1,1,1
"South America","1.1","all",19,105,0.180952380952381,0.107315031331015,0.254589730573747
"South America","1.2.1","all",6,105,0.0571428571428571,0.01274465898122,0.101541055304494
"South America","2","all",19,105,0.180952380952381,0.107315031331015,0.254589730573747
"South America","2.0.2","all",6,105,0.0571428571428571,0.01274465898122,0.101541055304494
"South America","2.2","all",3,105,0.0285714285714286,0,0.0604378162968465
"South America","2.3.2","all",1,105,0.00952380952380952,0,0.028101374647526
"South America","2.3.3","all",5,105,0.0476190476190476,0.00688504144166237,0.0883530537964329
"South America","2.5","all",4,105,0.0380952380952381,0.001479920515276,0.0747105556752002
"South America","3","all",1,105,0.00952380952380952,0,0.028101374647526
"South America","3.3","all",1,105,0.00952380952380952,0,0.028101374647526
"South America","3.5","all",28,105,0.266666666666667,0.182081053670567,0.351252279662766
"South America","4.1","all",5,105,0.0476190476190476,0.00688504144166237,0.0883530537964329
"South America","4.3.1.1","all",2,105,0.019047619047619,0,0.0451936477100147
"South America","4.3.1.2","all",5,105,0.0476190476190476,0.00688504144166237,0.0883530537964329
"South-eastern Asia","0.0.2","2010",1,105,0.00952380952380952,0,0.028101374647526
"South-eastern Asia","2.1","2010",1,105,0.00952380952380952,0,0.028101374647526
"South-eastern Asia","2.1.5","2010",1,105,0.00952380952380952,0,0.028101374647526
"South-eastern Asia","2.1.6","2010",2,105,0.019047619047619,0,0.0451936477100147
"South-eastern Asia","2.1.8","2010",1,105,0.00952380952380952,0,0.028101374647526
"South-eastern Asia","2.1.9","2010",2,105,0.019047619047619,0,0.0451936477100147
"South-eastern Asia","2.2.1","2010",1,105,0.00952380952380952,0,0.028101374647526
"South-eastern Asia","2.2.3","2010",1,105,0.00952380952380952,0,0.028101374647526
"South-eastern Asia","2.3.4","2010",3,105,0.0285714285714286,0,0.0604378162968465
"South-eastern Asia","2.4","2010",1,105,0.00952380952380952,0,0.028101374647526
"South-eastern Asia","3","2010",5,105,0.0476190476190476,0.00688504144166237,0.0883530537964329
"South-eastern Asia","3.1.2","2010",5,105,0.0476190476190476,0.00688504144166237,0.0883530537964329
"South-eastern Asia","3.2.1","2010",4,105,0.0380952380952381,0.001479920515276,0.0747105556752002
"South-eastern Asia","3.4","2010",13,105,0.123809523809524,0.0608099353335016,0.186809112285546
"South-eastern Asia","3.5.2","2010",4,105,0.0380952380952381,0.001479920515276,0.0747105556752002
"South-eastern Asia","4.1","2010",14,105,0.133333333333333,0.0683118554003257,0.198354811266341
"South-eastern Asia","4.3.1","2010",1,105,0.00952380952380952,0,0.028101374647526
"South-eastern Asia","4.3.1.1","2010",45,105,0.428571428571429,0.333914152041835,0.523228705101022
"South-eastern Asia","0.0.2","2011",1,80,0.0125,0,0.0368463934700809
"South-eastern Asia","2.1","2011",3,80,0.0375,0,0.0791319813965178
"South-eastern Asia","2.1.3","2011",1,80,0.0125,0,0.0368463934700809
"South-eastern Asia","2.1.5","2011",1,80,0.0125,0,0.0368463934700809
"South-eastern Asia","2.1.8","2011",1,80,0.0125,0,0.0368463934700809
"South-eastern Asia","3","2011",8,80,0.1,0.0342596014615062,0.165740398538494
"South-eastern Asia","3.1.2","2011",1,80,0.0125,0,0.0368463934700809
"South-eastern Asia","3.2.1","2011",1,80,0.0125,0,0.0368463934700809
"South-eastern Asia","4.1","2011",3,80,0.0375,0,0.0791319813965178
"South-eastern Asia","4.3.1.1","2011",58,80,0.725,0.627153244816192,0.822846755183808
"South-eastern Asia","4.3.1.2","2011",2,80,0.025,0,0.0592123881072339
"South-eastern Asia","2.1.6","2012",1,98,0.0102040816326531,0,0.0301017791714875
"South-eastern Asia","2.1.9","2012",1,98,0.0102040816326531,0,0.0301017791714875
"South-eastern Asia","3","2012",2,98,0.0204081632653061,0,0.0484023317542567
"South-eastern Asia","3.1.2","2012",1,98,0.0102040816326531,0,0.0301017791714875
"South-eastern Asia","3.3.1","2012",2,98,0.0204081632653061,0,0.0484023317542567
"South-eastern Asia","4.1","2012",2,98,0.0204081632653061,0,0.0484023317542567
"South-eastern Asia","4.3.1.1","2012",89,98,0.908163265306122,0.850984705031295,0.96534182558095
"South-eastern Asia","3","2013",66,91,0.725274725274725,0.633560657724441,0.81698879282501
"South-eastern Asia","3.2.1","2013",7,91,0.0769230769230769,0.022173263198576,0.131672890647578
"South-eastern Asia","3.4","2013",1,91,0.010989010989011,0,0.0324088024148075
"South-eastern Asia","4.1","2013",3,91,0.032967032967033,0,0.0696526599871467
"South-eastern Asia","4.3.1.1","2013",14,91,0.153846153846154,0.0797145556220688,0.227977752070239
"South-eastern Asia","0.0.2","2014",1,83,0.0120481927710843,0,0.0355199637502917
"South-eastern Asia","2.3.3","2014",1,83,0.0120481927710843,0,0.0355199637502917
"South-eastern Asia","3","2014",55,83,0.662650602409639,0.560932255582237,0.76436894923704
"South-eastern Asia","3.2.1","2014",11,83,0.132530120481928,0.0595841135485427,0.205476127415313
"South-eastern Asia","3.4","2014",1,83,0.0120481927710843,0,0.0355199637502917
"South-eastern Asia","4.1","2014",8,83,0.0963855421686747,0.032894192677216,0.159876891660133
"South-eastern Asia","4.3.1.1","2014",6,83,0.072289156626506,0.0165757235570043,0.128002589696008
"South-eastern Asia","2.5","2015",1,32,0.03125,0,0.0915353727854029
"South-eastern Asia","3","2015",9,32,0.28125,0.125468358200092,0.437031641799908
"South-eastern Asia","3.2.1","2015",2,32,0.0625,0,0.146370016617979
"South-eastern Asia","3.4","2015",1,32,0.03125,0,0.0915353727854029
"South-eastern Asia","4.1","2015",1,32,0.03125,0,0.0915353727854029
"South-eastern Asia","4.3.1","2015",1,32,0.03125,0,0.0915353727854029
"South-eastern Asia","4.3.1.1","2015",13,32,0.40625,0.236081339410351,0.576418660589649
"South-eastern Asia","4.3.1.2","2015",4,32,0.125,0.010411742530048,0.239588257469952
"South-eastern Asia","2.1","2016",1,41,0.024390243902439,0,0.0716085368154438
"South-eastern Asia","3","2016",8,41,0.195121951219512,0.0738159603324959,0.316427942106529
"South-eastern Asia","4.1","2016",3,41,0.0731707317073171,0,0.152884384734965
"South-eastern Asia","4.3.1.1","2016",17,41,0.414634146341463,0.263831012112407,0.56543728057052
"South-eastern Asia","4.3.1.2","2016",12,41,0.292682926829268,0.15340897192427,0.431956881734266
"South-eastern Asia","2.1","2017",2,29,0.0689655172413793,0,0.16119206543953
"South-eastern Asia","3","2017",22,29,0.758620689655172,0.602873781139866,0.914367598170478
"South-eastern Asia","3.1.2","2017",1,29,0.0344827586206897,0,0.10089346355196
"South-eastern Asia","3.2.1","2017",3,29,0.103448275862069,0,0.214290792024563
"South-eastern Asia","4.3.1.1","2017",1,29,0.0344827586206897,0,0.10089346355196
"South-eastern Asia","2.1","2018",2,8,0.25,0,0.550062493490939
"South-eastern Asia","4.1","2018",2,8,0.25,0,0.550062493490939
"South-eastern Asia","4.3.1.1","2018",3,8,0.375,0.0395199335280857,0.710480066471914
"South-eastern Asia","4.3.1.2","2018",1,8,0.125,0,0.354176514939904
"South-eastern Asia","2.1","2019",3,14,0.214285714285714,0,0.429227566887761
"South-eastern Asia","3","2019",1,14,0.0714285714285714,0,0.206335947060892
"South-eastern Asia","3.2.1","2019",2,14,0.142857142857143,0,0.326160170655376
"South-eastern Asia","3.5.4","2019",1,14,0.0714285714285714,0,0.206335947060892
"South-eastern Asia","4.1","2019",1,14,0.0714285714285714,0,0.206335947060892
"South-eastern Asia","4.3.1.1","2019",3,14,0.214285714285714,0,0.429227566887761
"South-eastern Asia","4.3.1.2","2019",2,14,0.142857142857143,0,0.326160170655376
"South-eastern Asia","4.3.1.3.Bdq","2019",1,14,0.0714285714285714,0,0.206335947060892
"South-eastern Asia","4.3.1","2020",1,3,0.333333333333333,0,0.866777766206114
"South-eastern Asia","4.3.1.1","2020",2,3,0.666666666666667,0.133222233793886,1
"South-eastern Asia","0.0.2","all",3,584,0.00513698630136986,0,0.0109350835360528
"South-eastern Asia","2.1","all",12,584,0.0205479452054795,0.00904191689924616,0.0320539735117127
"South-eastern Asia","2.1.3","all",1,584,0.00171232876712329,0,0.00506561849115655
"South-eastern Asia","2.1.5","all",2,584,0.00342465753424658,0,0.00816285646994492
"South-eastern Asia","2.1.6","all",3,584,0.00513698630136986,0,0.0109350835360528
"South-eastern Asia","2.1.8","all",2,584,0.00342465753424658,0,0.00816285646994492
"South-eastern Asia","2.1.9","all",3,584,0.00513698630136986,0,0.0109350835360528
"South-eastern Asia","2.2.1","all",1,584,0.00171232876712329,0,0.00506561849115655
"South-eastern Asia","2.2.3","all",1,584,0.00171232876712329,0,0.00506561849115655
"South-eastern Asia","2.3.3","all",1,584,0.00171232876712329,0,0.00506561849115655
"South-eastern Asia","2.3.4","all",3,584,0.00513698630136986,0,0.0109350835360528
"South-eastern Asia","2.4","all",1,584,0.00171232876712329,0,0.00506561849115655
"South-eastern Asia","2.5","all",1,584,0.00171232876712329,0,0.00506561849115655
"South-eastern Asia","3","all",176,584,0.301369863013699,0.264154418035321,0.338585307992076
"South-eastern Asia","3.1.2","all",8,584,0.0136986301369863,0.00427120622584592,0.0231260540481267
"South-eastern Asia","3.2.1","all",30,584,0.0513698630136986,0.0334657706177668,0.0692739554096305
"South-eastern Asia","3.3.1","all",2,584,0.00342465753424658,0,0.00816285646994492
"South-eastern Asia","3.4","all",16,584,0.0273972602739726,0.0141577792988905,0.0406367412490548
"South-eastern Asia","3.5.2","all",4,584,0.00684931506849315,0.000160013226068879,0.0135386169109174
"South-eastern Asia","3.5.4","all",1,584,0.00171232876712329,0,0.00506561849115655
"South-eastern Asia","4.1","all",37,584,0.0633561643835616,0.0435986946240058,0.0831136341431175
"South-eastern Asia","4.3.1","all",3,584,0.00513698630136986,0,0.0109350835360528
"South-eastern Asia","4.3.1.1","all",251,584,0.429794520547945,0.389643574918165,0.469945466177725
"South-eastern Asia","4.3.1.2","all",21,584,0.035958904109589,0.0208580801240052,0.0510597280951729
"South-eastern Asia","4.3.1.3.Bdq","all",1,584,0.00171232876712329,0,0.00506561849115655
"Southern Africa","2.4","2010",1,5,0.2,0,0.550615458871967
"Southern Africa","2.4.1","2010",1,5,0.2,0,0.550615458871967
"Southern Africa","3.3.1","2010",1,5,0.2,0,0.550615458871967
"Southern Africa","4.3.1.1.EA1","2010",1,5,0.2,0,0.550615458871967
"Southern Africa","4.3.1.3.Bdq","2010",1,5,0.2,0,0.550615458871967
"Southern Africa","2.5","2011",1,3,0.333333333333333,0,0.866777766206114
"Southern Africa","3.3.1","2011",1,3,0.333333333333333,0,0.866777766206114
"Southern Africa","4.3.1.1.EA1","2011",1,3,0.333333333333333,0,0.866777766206114
"Southern Africa","1.1.2","2012",1,8,0.125,0,0.354176514939904
"Southern Africa","2.4","2012",1,8,0.125,0,0.354176514939904
"Southern Africa","2.4.1","2012",1,8,0.125,0,0.354176514939904
"Southern Africa","3.1","2012",1,8,0.125,0,0.354176514939904
"Southern Africa","3.3.1","2012",3,8,0.375,0.0395199335280857,0.710480066471914
"Southern Africa","4.3.1.1.EA1","2012",1,8,0.125,0,0.354176514939904
"Southern Africa","2.4","2016",1,7,0.142857142857143,0,0.402086770793457
"Southern Africa","3.3.1","2016",2,7,0.285714285714286,0,0.620378296327916
"Southern Africa","4.3.1.1.EA1","2016",1,7,0.142857142857143,0,0.402086770793457
"Southern Africa","4.3.1.2","2016",2,7,0.285714285714286,0,0.620378296327916
"Southern Africa","4.3.1.3","2016",1,7,0.142857142857143,0,0.402086770793457
"Southern Africa","2.2","2017",1,77,0.012987012987013,0,0.0382757290186233
"Southern Africa","2.4","2017",8,77,0.103896103896104,0.0357423906803596,0.172049817111848
"Southern Africa","2.4.1","2017",5,77,0.0649350649350649,0.00989597630493624,0.119974153565194
"Southern Africa","2.5","2017",3,77,0.038961038961039,0,0.0821822041577534
"Southern Africa","2.5.1","2017",1,77,0.012987012987013,0,0.0382757290186233
"Southern Africa","3.1.1","2017",1,77,0.012987012987013,0,0.0382757290186233
"Southern Africa","3.2.1","2017",1,77,0.012987012987013,0,0.0382757290186233
"Southern Africa","3.3","2017",1,77,0.012987012987013,0,0.0382757290186233
"Southern Africa","4.1.1","2017",1,77,0.012987012987013,0,0.0382757290186233
"Southern Africa","4.3.1.1","2017",1,77,0.012987012987013,0,0.0382757290186233
"Southern Africa","4.3.1.1.EA1","2017",52,77,0.675324675324675,0.570734314864799,0.779915035784552
"Southern Africa","4.3.1.2","2017",1,77,0.012987012987013,0,0.0382757290186233
"Southern Africa","4.3.1.2.EA3","2017",1,77,0.012987012987013,0,0.0382757290186233
"Southern Africa","2.2","2018",1,61,0.0163934426229508,0,0.0482601317774987
"Southern Africa","2.4","2018",5,61,0.0819672131147541,0.0131272966722904,0.150807129557218
"Southern Africa","2.4.1","2018",5,61,0.0819672131147541,0.0131272966722904,0.150807129557218
"Southern Africa","2.5","2018",6,61,0.0983606557377049,0.023626645225762,0.173094666249648
"Southern Africa","3","2018",1,61,0.0163934426229508,0,0.0482601317774987
"Southern Africa","3.1","2018",1,61,0.0163934426229508,0,0.0482601317774987
"Southern Africa","3.3.1","2018",7,61,0.114754098360656,0.0347693433798642,0.194738853341447
"Southern Africa","4.3.1.1","2018",1,61,0.0163934426229508,0,0.0482601317774987
"Southern Africa","4.3.1.1.EA1","2018",32,61,0.524590163934426,0.399265858332244,0.649914469536609
"Southern Africa","4.3.1.2","2018",2,61,0.0327868852459016,0,0.0774760587232598
"Southern Africa","1.1.2","2019",2,81,0.0246913580246914,0,0.0584867187604307
"Southern Africa","2.1","2019",1,81,0.0123456790123457,0,0.0363933785234545
"Southern Africa","2.2","2019",2,81,0.0246913580246914,0,0.0584867187604307
"Southern Africa","2.3.2","2019",1,81,0.0123456790123457,0,0.0363933785234545
"Southern Africa","2.4","2019",4,81,0.0493827160493827,0.00219772236134826,0.0965677097374172
"Southern Africa","2.4.1","2019",2,81,0.0246913580246914,0,0.0584867187604307
"Southern Africa","2.5","2019",2,81,0.0246913580246914,0,0.0584867187604307
"Southern Africa","2.5.1","2019",1,81,0.0123456790123457,0,0.0363933785234545
"Southern Africa","3.3.1","2019",5,81,0.0617283950617284,0.00931764906495043,0.114139141058506
"Southern Africa","4.3.1.1","2019",5,81,0.0617283950617284,0.00931764906495043,0.114139141058506
"Southern Africa","4.3.1.1.EA1","2019",56,81,0.691358024691358,0.590759280136119,0.791956769246597
"Southern Africa","1.1.2","2020",1,44,0.0227272727272727,0,0.0667636196436217
"Southern Africa","2.4","2020",3,44,0.0681818181818182,0,0.142660093696672
"Southern Africa","2.4.1","2020",2,44,0.0454545454545455,0,0.107002935828509
"Southern Africa","3.1","2020",1,44,0.0227272727272727,0,0.0667636196436217
"Southern Africa","3.3.1","2020",6,44,0.136363636363636,0.0349621128509262,0.237765159876347
"Southern Africa","4.3.1.1","2020",2,44,0.0454545454545455,0,0.107002935828509
"Southern Africa","4.3.1.1.EA1","2020",28,44,0.636363636363636,0.494223717361252,0.778503555366021
"Southern Africa","4.3.1.2","2020",1,44,0.0227272727272727,0,0.0667636196436217
"Southern Africa","1.1.2","all",4,286,0.013986013986014,0.000375905985330275,0.0275961219866977
"Southern Africa","2.1","all",1,286,0.0034965034965035,0,0.0103376588324091
"Southern Africa","2.2","all",4,286,0.013986013986014,0.000375905985330275,0.0275961219866977
"Southern Africa","2.3.2","all",1,286,0.0034965034965035,0,0.0103376588324091
"Southern Africa","2.4","all",23,286,0.0804195804195804,0.0489022943304923,0.111936866508669
"Southern Africa","2.4.1","all",16,286,0.0559440559440559,0.0293092893656502,0.0825788225224617
"Southern Africa","2.5","all",12,286,0.041958041958042,0.0187214235480118,0.0651946603680722
"Southern Africa","2.5.1","all",2,286,0.00699300699300699,0,0.0166508733069692
"Southern Africa","3","all",1,286,0.0034965034965035,0,0.0103376588324091
"Southern Africa","3.1","all",3,286,0.0104895104895105,0,0.0222970896751491
"Southern Africa","3.1.1","all",1,286,0.0034965034965035,0,0.0103376588324091
"Southern Africa","3.2.1","all",1,286,0.0034965034965035,0,0.0103376588324091
"Southern Africa","3.3","all",1,286,0.0034965034965035,0,0.0103376588324091
"Southern Africa","3.3.1","all",25,286,0.0874125874125874,0.0546787229635867,0.120146451861588
"Southern Africa","4.1.1","all",1,286,0.0034965034965035,0,0.0103376588324091
"Southern Africa","4.3.1.1","all",9,286,0.0314685314685315,0.0112351643787018,0.0517018985583612
"Southern Africa","4.3.1.1.EA1","all",172,286,0.601398601398601,0.544654114833797,0.658143087963406
"Southern Africa","4.3.1.2","all",6,286,0.020979020979021,0.00436932579350573,0.0375887161645362
"Southern Africa","4.3.1.2.EA3","all",1,286,0.0034965034965035,0,0.0103376588324091
"Southern Africa","4.3.1.3","all",1,286,0.0034965034965035,0,0.0103376588324091
"Southern Africa","4.3.1.3.Bdq","all",1,286,0.0034965034965035,0,0.0103376588324091
"Southern Asia","2","2010",4,93,0.043010752688172,0.00177664056566825,0.0842448648106758
"Southern Asia","2.0.1","2010",1,93,0.010752688172043,0,0.0317143428525846
"Southern Asia","2.1.7","2010",2,93,0.021505376344086,0,0.0509880823995048
"Southern Asia","2.2","2010",5,93,0.0537634408602151,0.00792202880399408,0.099604852916436
"Southern Asia","2.2.1","2010",1,93,0.010752688172043,0,0.0317143428525846
"Southern Asia","2.3.3","2010",1,93,0.010752688172043,0,0.0317143428525846
"Southern Asia","3.1.2","2010",1,93,0.010752688172043,0,0.0317143428525846
"Southern Asia","3.2.2","2010",6,93,0.0645161290322581,0.0145855157920528,0.114446742272463
"Southern Asia","3.3","2010",1,93,0.010752688172043,0,0.0317143428525846
"Southern Asia","3.3.2","2010",6,93,0.0645161290322581,0.0145855157920528,0.114446742272463
"Southern Asia","3.3.2.Bd1","2010",2,93,0.021505376344086,0,0.0509880823995048
"Southern Asia","3.3.2.Bd2","2010",7,93,0.0752688172043011,0.0216484363754095,0.128889198033193
"Southern Asia","4.3.1","2010",2,93,0.021505376344086,0,0.0509880823995048
"Southern Asia","4.3.1.1","2010",24,93,0.258064516129032,0.169131747112022,0.346997285146042
"Southern Asia","4.3.1.2","2010",28,93,0.301075268817204,0.207842766096842,0.394307771537566
"Southern Asia","4.3.1.3","2010",1,93,0.010752688172043,0,0.0317143428525846
"Southern Asia","4.3.1.3.Bdq","2010",1,93,0.010752688172043,0,0.0317143428525846
"Southern Asia","2","2011",1,206,0.00485436893203883,0,0.014345810344616
"Southern Asia","2.0.1","2011",1,206,0.00485436893203883,0,0.014345810344616
"Southern Asia","2.2","2011",3,206,0.0145631067961165,0,0.0309223755486074
"Southern Asia","2.2.1","2011",1,206,0.00485436893203883,0,0.014345810344616
"Southern Asia","2.2.2","2011",2,206,0.00970873786407767,0,0.0230988841712367
"Southern Asia","2.3.3","2011",2,206,0.00970873786407767,0,0.0230988841712367
"Southern Asia","2.3.4","2011",1,206,0.00485436893203883,0,0.014345810344616
"Southern Asia","2.5","2011",2,206,0.00970873786407767,0,0.0230988841712367
"Southern Asia","3","2011",2,206,0.00970873786407767,0,0.0230988841712367
"Southern Asia","3.1.2","2011",1,206,0.00485436893203883,0,0.014345810344616
"Southern Asia","3.2.1","2011",2,206,0.00970873786407767,0,0.0230988841712367
"Southern Asia","3.2.2","2011",8,206,0.0388349514563107,0.0124514258519287,0.0652184770606926
"Southern Asia","3.3","2011",3,206,0.0145631067961165,0,0.0309223755486074
"Southern Asia","3.3.1","2011",4,206,0.0194174757281553,0.000574003965879661,0.038260947490431
"Southern Asia","3.3.2","2011",6,206,0.029126213592233,0.00616230212694329,0.0520901250575227
"Southern Asia","3.3.2.Bd1","2011",2,206,0.00970873786407767,0,0.0230988841712367
"Southern Asia","3.3.2.Bd2","2011",1,206,0.00485436893203883,0,0.014345810344616
"Southern Asia","4.3.1","2011",15,206,0.0728155339805825,0.0373327608911906,0.108298307069974
"Southern Asia","4.3.1.1","2011",41,206,0.199029126213592,0.144504946413097,0.253553306014087
"Southern Asia","4.3.1.2","2011",102,206,0.495145631067961,0.426869013757895,0.563422248378028
"Southern Asia","4.3.1.3","2011",3,206,0.0145631067961165,0,0.0309223755486074
"Southern Asia","4.3.1.3.Bdq","2011",3,206,0.0145631067961165,0,0.0309223755486074
"Southern Asia","2.0.1","2012",8,133,0.0601503759398496,0.019741328784591,0.100559423095108
"Southern Asia","2.2.1","2012",1,133,0.0075187969924812,0,0.0222001329038845
"Southern Asia","2.2.4","2012",1,133,0.0075187969924812,0,0.0222001329038845
"Southern Asia","2.3.3","2012",14,133,0.105263157894737,0.0531057369532716,0.157420578836202
"Southern Asia","2.4","2012",1,133,0.0075187969924812,0,0.0222001329038845
"Southern Asia","3.0.2","2012",2,133,0.0150375939849624,0,0.0357213428256085
"Southern Asia","3.1.2","2012",1,133,0.0075187969924812,0,0.0222001329038845
"Southern Asia","3.2.2","2012",17,133,0.12781954887218,0.0710739654897184,0.184565132254642
"Southern Asia","3.3","2012",1,133,0.0075187969924812,0,0.0222001329038845
"Southern Asia","3.3.2","2012",12,133,0.0902255639097744,0.0415330812704792,0.13891804654907
"Southern Asia","3.3.2.Bd2","2012",2,133,0.0150375939849624,0,0.0357213428256085
"Southern Asia","4.1","2012",1,133,0.0075187969924812,0,0.0222001329038845
"Southern Asia","4.3.1","2012",5,133,0.037593984962406,0.00526674723819909,0.0699212226866129
"Southern Asia","4.3.1.1","2012",28,133,0.210526315789474,0.14123923322376,0.279813398355187
"Southern Asia","4.3.1.2","2012",33,133,0.24812030075188,0.174713621194863,0.321526980308896
"Southern Asia","4.3.1.3","2012",3,133,0.0225563909774436,0,0.0477918328376213
"Southern Asia","4.3.1.3.Bdq","2012",3,133,0.0225563909774436,0,0.0477918328376213
"Southern Asia","2.2","2013",1,83,0.0120481927710843,0,0.0355199637502917
"Southern Asia","2.3.3","2013",4,83,0.0481927710843374,0.00211595367691953,0.0942695884917552
"Southern Asia","3.2.2","2013",6,83,0.072289156626506,0.0165757235570043,0.128002589696008
"Southern Asia","3.3","2013",4,83,0.0481927710843374,0.00211595367691953,0.0942695884917552
"Southern Asia","3.3.1","2013",3,83,0.036144578313253,0,0.0763000335354096
"Southern Asia","3.3.2","2013",3,83,0.036144578313253,0,0.0763000335354096
"Southern Asia","3.3.2.Bd1","2013",1,83,0.0120481927710843,0,0.0355199637502917
"Southern Asia","3.3.2.Bd2","2013",1,83,0.0120481927710843,0,0.0355199637502917
"Southern Asia","4.1","2013",4,83,0.0481927710843374,0.00211595367691953,0.0942695884917552
"Southern Asia","4.3.1","2013",5,83,0.0602409638554217,0.00905260141667723,0.111429326294166
"Southern Asia","4.3.1.1","2013",2,83,0.0240963855421687,0,0.0570874584902644
"Southern Asia","4.3.1.2","2013",46,83,0.55421686746988,0.447282153856544,0.661151581083215
"Southern Asia","4.3.1.3","2013",1,83,0.0120481927710843,0,0.0355199637502917
"Southern Asia","4.3.1.3.Bdq","2013",2,83,0.0240963855421687,0,0.0570874584902644
"Southern Asia","2.0.1","2014",2,148,0.0135135135135135,0,0.032115311513488
"Southern Asia","2.0.2","2014",1,148,0.00675675675675676,0,0.0199551834814773
"Southern Asia","2.1.7","2014",2,148,0.0135135135135135,0,0.032115311513488
"Southern Asia","2.2","2014",4,148,0.027027027027027,0.000900917693094572,0.0531531363609595
"Southern Asia","2.2.2","2014",1,148,0.00675675675675676,0,0.0199551834814773
"Southern Asia","2.3.3","2014",4,148,0.027027027027027,0.000900917693094572,0.0531531363609595
"Southern Asia","2.5","2014",3,148,0.0202702702702703,0,0.0429745707984106
"Southern Asia","3.0.1","2014",1,148,0.00675675675675676,0,0.0199551834814773
"Southern Asia","3.2.2","2014",7,148,0.0472972972972973,0.013097614766675,0.0814969798279195
"Southern Asia","3.3","2014",1,148,0.00675675675675676,0,0.0199551834814773
"Southern Asia","3.3.2","2014",5,148,0.0337837837837838,0.00467550543893331,0.0628920621286343
"Southern Asia","3.3.2.Bd1","2014",2,148,0.0135135135135135,0,0.032115311513488
"Southern Asia","3.3.2.Bd2","2014",3,148,0.0202702702702703,0,0.0429745707984106
"Southern Asia","4.1","2014",2,148,0.0135135135135135,0,0.032115311513488
"Southern Asia","4.3.1","2014",8,148,0.0540540540540541,0.0176229351731206,0.0904851729349875
"Southern Asia","4.3.1.1","2014",39,148,0.263513513513513,0.192537917079781,0.334489109947246
"Southern Asia","4.3.1.2","2014",59,148,0.398648648648649,0.319765450938275,0.477531846359023
"Southern Asia","4.3.1.3","2014",3,148,0.0202702702702703,0,0.0429745707984106
"Southern Asia","4.3.1.3.Bdq","2014",1,148,0.00675675675675676,0,0.0199551834814773
"Southern Asia","2","2015",1,184,0.00543478260869565,0,0.0160579709607649
"Southern Asia","2.0.1","2015",1,184,0.00543478260869565,0,0.0160579709607649
"Southern Asia","2.2","2015",4,184,0.0217391304347826,0.000667624002352023,0.0428106368672132
"Southern Asia","2.2.1","2015",1,184,0.00543478260869565,0,0.0160579709607649
"Southern Asia","2.2.2","2015",2,184,0.0108695652173913,0,0.0258519183338652
"Southern Asia","2.3.3","2015",8,184,0.0434782608695652,0.0140116176820886,0.0729449040570418
"Southern Asia","2.4","2015",2,184,0.0108695652173913,0,0.0258519183338652
"Southern Asia","3","2015",1,184,0.00543478260869565,0,0.0160579709607649
"Southern Asia","3.0.1","2015",1,184,0.00543478260869565,0,0.0160579709607649
"Southern Asia","3.2.2","2015",11,184,0.0597826086956522,0.0255256557622872,0.0940395616290172
"Southern Asia","3.3","2015",5,184,0.0271739130434783,0.00368078452439767,0.0506670415625589
"Southern Asia","3.3.1","2015",2,184,0.0108695652173913,0,0.0258519183338652
"Southern Asia","3.3.2","2015",3,184,0.016304347826087,0,0.0346034276507536
"Southern Asia","3.3.2.Bd1","2015",1,184,0.00543478260869565,0,0.0160579709607649
"Southern Asia","3.3.2.Bd2","2015",3,184,0.016304347826087,0,0.0346034276507536
"Southern Asia","4.3.1","2015",25,184,0.135869565217391,0.0863589978304329,0.18538013260435
"Southern Asia","4.3.1.1","2015",44,184,0.239130434782609,0.177496528604848,0.30076434096037
"Southern Asia","4.3.1.2","2015",69,184,0.375,0.30504757051178,0.44495242948822
"Southern Asia","2","2016",8,570,0.0140350877192982,0.00437776067188769,0.0236924147667088
"Southern Asia","2.0.1","2016",2,570,0.00350877192982456,0,0.0083631428056971
"Southern Asia","2.1.7","2016",3,570,0.00526315789473684,0,0.0112032878265599
"Southern Asia","2.2","2016",17,570,0.0298245614035088,0.0158598870024328,0.0437892358045847
"Southern Asia","2.2.1","2016",1,570,0.00175438596491228,0,0.00518996481932282
"Southern Asia","2.2.2","2016",3,570,0.00526315789473684,0,0.0112032878265599
"Southern Asia","2.3.3","2016",26,570,0.0456140350877193,0.0284851178222247,0.0627429523532139
"Southern Asia","2.4","2016",1,570,0.00175438596491228,0,0.00518996481932282
"Southern Asia","2.5","2016",9,570,0.0157894736842105,0.00555544869246314,0.0260234986759579
"Southern Asia","3","2016",3,570,0.00526315789473684,0,0.0112032878265599
"Southern Asia","3.2","2016",1,570,0.00175438596491228,0,0.00518996481932282
"Southern Asia","3.2.2","2016",20,570,0.0350877192982456,0.0199820445121109,0.0501933940843803
"Southern Asia","3.3","2016",26,570,0.0456140350877193,0.0284851178222247,0.0627429523532139
"Southern Asia","3.3.1","2016",9,570,0.0157894736842105,0.00555544869246314,0.0260234986759579
"Southern Asia","3.3.2","2016",16,570,0.0280701754385965,0.0145102075355809,0.0416301433416121
"Southern Asia","3.3.2.Bd1","2016",9,570,0.0157894736842105,0.00555544869246314,0.0260234986759579
"Southern Asia","3.3.2.Bd2","2016",7,570,0.012280701754386,0.00323906604283695,0.021322337465935
"Southern Asia","4.1","2016",1,570,0.00175438596491228,0,0.00518996481932282
"Southern Asia","4.3.1","2016",45,570,0.0789473684210526,0.0568098112164902,0.101084925625615
"Southern Asia","4.3.1.1","2016",133,570,0.233333333333333,0.198610886082601,0.268055780584066
"Southern Asia","4.3.1.1.P1","2016",1,570,0.00175438596491228,0,0.00518996481932282
"Southern Asia","4.3.1.2","2016",227,570,0.398245614035088,0.358056930845125,0.43843429722505
"Southern Asia","4.3.1.3","2016",1,570,0.00175438596491228,0,0.00518996481932282
"Southern Asia","4.3.1.3.Bdq","2016",1,570,0.00175438596491228,0,0.00518996481932282
"Southern Asia","0.1","2017",1,1655,0.000604229607250755,0,0.00178816179184893
"Southern Asia","2","2017",12,1655,0.00725075528700906,0.00316315445450982,0.0113383561195083
"Southern Asia","2.0.1","2017",32,1655,0.0193353474320242,0.0127010746685773,0.025969620195471
"Southern Asia","2.1.7","2017",9,1655,0.0054380664652568,0.00189486991573813,0.00898126301477546
"Southern Asia","2.2","2017",23,1655,0.0138972809667674,0.00825722946924636,0.0195373324642884
"Southern Asia","2.2.1","2017",5,1655,0.00302114803625378,0.000376998280657705,0.00566529779184985
"Southern Asia","2.2.2","2017",6,1655,0.00362537764350453,0.000729734577027407,0.00652102070998166
"Southern Asia","2.3.3","2017",114,1655,0.0688821752265861,0.0566806866061381,0.0810836638470341
"Southern Asia","2.3.4","2017",1,1655,0.000604229607250755,0,0.00178816179184893
"Southern Asia","2.4","2017",13,1655,0.00785498489425982,0.00360176999336027,0.0121081997951594
"Southern Asia","2.5","2017",23,1655,0.0138972809667674,0.00825722946924636,0.0195373324642884
"Southern Asia","3","2017",2,1655,0.00120845921450151,0,0.00288228594376382
"Southern Asia","3.0.1","2017",20,1655,0.0120845921450151,0.00682038523981071,0.0173487990502195
"Southern Asia","3.1","2017",4,1655,0.00241691842900302,5.12024325785448e-05,0.0047826344254275
"Southern Asia","3.1.2","2017",9,1655,0.0054380664652568,0.00189486991573813,0.00898126301477546
"Southern Asia","3.2.1","2017",1,1655,0.000604229607250755,0,0.00178816179184893
"Southern Asia","3.2.2","2017",124,1655,0.0749244712990937,0.062240433951469,0.0876085086467183
"Southern Asia","3.3","2017",20,1655,0.0120845921450151,0.00682038523981071,0.0173487990502195
"Southern Asia","3.3.1","2017",30,1655,0.0181268882175227,0.0116993245941947,0.0245544518408506
"Southern Asia","3.3.2","2017",98,1655,0.059214501510574,0.04784303652817,0.0705859664929781
"Southern Asia","3.3.2.Bd1","2017",41,1655,0.024773413897281,0.0172847770974269,0.032262050697135
"Southern Asia","3.3.2.Bd2","2017",4,1655,0.00241691842900302,5.12024325785448e-05,0.0047826344254275
"Southern Asia","4","2017",1,1655,0.000604229607250755,0,0.00178816179184893
"Southern Asia","4.1","2017",3,1655,0.00181268882175227,0,0.00386207934227214
"Southern Asia","4.3.1","2017",117,1655,0.0706948640483384,0.0583459100507005,0.0830438180459762
"Southern Asia","4.3.1.1","2017",397,1655,0.23987915407855,0.219306295147343,0.260452013009757
"Southern Asia","4.3.1.1.P1","2017",58,1655,0.0350453172205438,0.0261854843604614,0.0439051500806262
"Southern Asia","4.3.1.2","2017",451,1655,0.272507552870091,0.251055908496836,0.293959197243345
"Southern Asia","4.3.1.2.EA2","2017",1,1655,0.000604229607250755,0,0.00178816179184893
"Southern Asia","4.3.1.3","2017",7,1655,0.00422960725075529,0.0011029037644948,0.00735631073701578
"Southern Asia","4.3.1.3.Bdq","2017",28,1655,0.0169184290030211,0.0107049924739659,0.0231318655320764
"Southern Asia","2","2018",8,2625,0.00304761904761905,0.000938947371649306,0.00515629072358879
"Southern Asia","2.0.1","2018",48,2625,0.0182857142857143,0.0131601706202417,0.0234112579511869
"Southern Asia","2.0.2","2018",2,2625,0.000761904761904762,0,0.00181744854663445
"Southern Asia","2.1.7","2018",26,2625,0.0099047619047619,0.00611639596365963,0.0136931278458642
"Southern Asia","2.2","2018",15,2625,0.00571428571428571,0.0028307323508121,0.00859783907775933
"Southern Asia","2.2.1","2018",3,2625,0.00114285714285714,0,0.00243538252623136
"Southern Asia","2.2.2","2018",31,2625,0.0118095238095238,0.00767688031153351,0.0159421673075141
"Southern Asia","2.3.3","2018",91,2625,0.0346666666666667,0.0276684705139004,0.0416648628194329
"Southern Asia","2.4","2018",9,2625,0.00342857142857143,0.00119241472565457,0.00566472813148829
"Southern Asia","2.5","2018",116,2625,0.0441904761904762,0.0363283242053619,0.0520526281755905
"Southern Asia","3","2018",6,2625,0.00228571428571429,0.000458853371468212,0.00411257519996036
"Southern Asia","3.0.1","2018",14,2625,0.00533333333333333,0.00254702250012408,0.00811964416654259
"Southern Asia","3.1","2018",2,2625,0.000761904761904762,0,0.00181744854663445
"Southern Asia","3.1.2","2018",1,2625,0.000380952380952381,0,0.00112747681184927
"Southern Asia","3.2.1","2018",1,2625,0.000380952380952381,0,0.00112747681184927
"Southern Asia","3.2.2","2018",94,2625,0.0358095238095238,0.0287011197025425,0.0429179279165051
"Southern Asia","3.3","2018",45,2625,0.0171428571428571,0.0121771829690918,0.0221085313166225
"Southern Asia","3.3.1","2018",50,2625,0.019047619047619,0.0138184133151399,0.0242768247800982
"Southern Asia","3.3.2","2018",77,2625,0.0293333333333333,0.0228781707643044,0.0357884959023623
"Southern Asia","3.3.2.Bd1","2018",20,2625,0.00761904761904762,0.00429259783765182,0.0109454974004434
"Southern Asia","3.3.2.Bd2","2018",5,2625,0.0019047619047619,0.000236755332255092,0.00357276847726872
"Southern Asia","4.3.1","2018",279,2625,0.106285714285714,0.0944953230793124,0.118076105492116
"Southern Asia","4.3.1.1","2018",525,2625,0.2,0.184697886856167,0.215302113143833
"Southern Asia","4.3.1.1.P1","2018",422,2625,0.160761904761905,0.146710311059752,0.174813498464057
"Southern Asia","4.3.1.2","2018",677,2625,0.257904761904762,0.241168790684618,0.274640733124906
"Southern Asia","4.3.1.2.EA3","2018",2,2625,0.000761904761904762,0,0.00181744854663445
"Southern Asia","4.3.1.3","2018",7,2625,0.00266666666666667,0.000693808105161635,0.0046395252281717
"Southern Asia","4.3.1.3.Bdq","2018",49,2625,0.0186666666666667,0.0134890120224465,0.0238443213108868
"Southern Asia","0.0.2","2019",1,857,0.00116686114352392,0,0.00345257426172832
"Southern Asia","2","2019",2,857,0.00233372228704784,0,0.00556432009211022
"Southern Asia","2.0.1","2019",14,857,0.0163360560093349,0.00784889104464887,0.0248232209740209
"Southern Asia","2.1.7","2019",1,857,0.00116686114352392,0,0.00345257426172832
"Southern Asia","2.2","2019",28,857,0.0326721120186698,0.0207695317372672,0.0445746923000724
"Southern Asia","2.2.1","2019",3,857,0.00350058343057176,0,0.00745492701175264
"Southern Asia","2.2.2","2019",12,857,0.014002333722287,0.00613543034770125,0.0218692370968728
"Southern Asia","2.3.2","2019",2,857,0.00233372228704784,0,0.00556432009211022
"Southern Asia","2.3.3","2019",15,857,0.0175029171528588,0.00872307892854786,0.0262827553771698
"Southern Asia","2.4","2019",2,857,0.00233372228704784,0,0.00556432009211022
"Southern Asia","2.5","2019",42,857,0.0490081680280047,0.0345541601183514,0.063462175937658
"Southern Asia","3","2019",3,857,0.00350058343057176,0,0.00745492701175264
"Southern Asia","3.0.1","2019",2,857,0.00233372228704784,0,0.00556432009211022
"Southern Asia","3.1","2019",4,857,0.00466744457409568,0.000104036045529624,0.00923085310266174
"Southern Asia","3.2.1","2019",1,857,0.00116686114352392,0,0.00345257426172832
"Southern Asia","3.2.2","2019",2,857,0.00233372228704784,0,0.00556432009211022
"Southern Asia","3.3","2019",44,857,0.0513418903150525,0.036565905044294,0.066117875585811
"Southern Asia","3.3.1","2019",34,857,0.0396732788798133,0.0266048248473221,0.0527417329123045
"Southern Asia","3.3.2","2019",45,857,0.0525087514585764,0.0375749934369912,0.0674425094801617
"Southern Asia","3.3.2.Bd1","2019",1,857,0.00116686114352392,0,0.00345257426172832
"Southern Asia","3.3.2.Bd2","2019",1,857,0.00116686114352392,0,0.00345257426172832
"Southern Asia","4.1","2019",5,857,0.0058343057176196,0.000735251403360644,0.0109333600318786
"Southern Asia","4.3.1","2019",73,857,0.0851808634772462,0.0664910787173393,0.103870648237153
"Southern Asia","4.3.1.1","2019",138,857,0.161026837806301,0.136418129025557,0.185635546587045
"Southern Asia","4.3.1.1.P1","2019",88,857,0.102683780630105,0.0823607091598485,0.123006852100362
"Southern Asia","4.3.1.2","2019",290,857,0.338389731621937,0.306710446924951,0.370069016318923
"Southern Asia","4.3.1.3.Bdq","2019",4,857,0.00466744457409568,0.000104036045529624,0.00923085310266174
"Southern Asia","2","2020",1,67,0.0149253731343284,0,0.0439599723184235
"Southern Asia","2.2","2020",2,67,0.0298507462686567,0,0.070599613788064
"Southern Asia","2.5","2020",7,67,0.104477611940299,0.0312342092062552,0.177721014674342
"Southern Asia","3.3","2020",9,67,0.134328358208955,0.0526740471659691,0.215982669251941
"Southern Asia","4.1","2020",3,67,0.0447761194029851,0,0.0942976981641619
"Southern Asia","4.3.1","2020",3,67,0.0447761194029851,0,0.0942976981641619
"Southern Asia","4.3.1.1","2020",4,67,0.0597014925373134,0.00296739673561089,0.116435588339016
"Southern Asia","4.3.1.1.P1","2020",27,67,0.402985074626866,0.285534337967312,0.520435811286419
"Southern Asia","4.3.1.2","2020",11,67,0.164179104477612,0.0754769387883993,0.252881270166825
"Southern Asia","2.5","2021",1,2,0.5,0,1
"Southern Asia","3.3","2021",1,2,0.5,0,1
"Southern Asia","0.0.2","all",1,6623,0.00015098897780462,0,0.000446905031740284
"Southern Asia","0.1","all",1,6623,0.00015098897780462,0,0.000446905031740284
"Southern Asia","2","all",37,6623,0.00558659217877095,0.00379150450820696,0.00738167984933494
"Southern Asia","2.0.1","all",109,6623,0.0164577985807036,0.013393641219883,0.0195219559415243
"Southern Asia","2.0.2","all",3,6623,0.000452966933413861,0,0.000965431167935842
"Southern Asia","2.1.7","all",43,6623,0.00649252604559867,0.00455823815316145,0.0084268139380359
"Southern Asia","2.2","all",102,6623,0.0154008757360713,0.0124351490518853,0.0183666024202572
"Southern Asia","2.2.1","all",16,6623,0.00241582364487392,0.00123350079346018,0.00359814649628767
"Southern Asia","2.2.2","all",57,6623,0.00860637173486336,0.00638172116185753,0.0108310223078692
"Southern Asia","2.2.4","all",1,6623,0.00015098897780462,0,0.000446905031740284
"Southern Asia","2.3.2","all",2,6623,0.000301977955609241,0,0.000720434852869784
"Southern Asia","2.3.3","all",279,6623,0.042125924807489,0.0372880165598827,0.0469638330550954
"Southern Asia","2.3.4","all",2,6623,0.000301977955609241,0,0.000720434852869784
"Southern Asia","2.4","all",28,6623,0.00422769137852937,0.0026650462787738,0.00579033647828494
"Southern Asia","2.5","all",203,6623,0.0306507624943379,0.0264994113327422,0.0348021136559337
"Southern Asia","3","all",17,6623,0.00256681262267854,0.00134819435491322,0.00378543089044387
"Southern Asia","3.0.1","all",38,6623,0.00573758115657557,0.00391853538648001,0.00755662692667113
"Southern Asia","3.0.2","all",2,6623,0.000301977955609241,0,0.000720434852869784
"Southern Asia","3.1","all",10,6623,0.0015098897780462,0.000574757172062918,0.00244502238402949
"Southern Asia","3.1.2","all",13,6623,0.00196285671146006,0.000896883367621836,0.00302883005529829
"Southern Asia","3.2","all",1,6623,0.00015098897780462,0,0.000446905031740284
"Southern Asia","3.2.1","all",5,6623,0.000754944889023101,9.34563524660469e-05,0.00141643342558016
"Southern Asia","3.2.2","all",295,6623,0.044541748452363,0.039573329817336,0.04951016708739
"Southern Asia","3.3","all",160,6623,0.0241582364487392,0.0204603718234569,0.0278561010740215
"Southern Asia","3.3.1","all",132,6623,0.0199305450702099,0.0165645249396574,0.0232965652007623
"Southern Asia","3.3.2","all",271,6623,0.0409180129850521,0.036146964512083,0.0456890614580212
"Southern Asia","3.3.2.Bd1","all",79,6623,0.011928129246565,0.00931350593017392,0.0145427525629561
"Southern Asia","3.3.2.Bd2","all",34,6623,0.00513362524535709,0.00341245768918976,0.00685479280152442
"Southern Asia","4","all",1,6623,0.00015098897780462,0,0.000446905031740284
"Southern Asia","4.1","all",19,6623,0.00286879057828778,0.00158067666392404,0.00415690449265153
"Southern Asia","4.3.1","all",577,6623,0.0871206401932659,0.0803286677251811,0.0939126126613506
"Southern Asia","4.3.1.1","all",1375,6623,0.207609844481353,0.197841472234818,0.217378216727888
"Southern Asia","4.3.1.1.P1","all",596,6623,0.0899894307715537,0.083097392754449,0.0968814687886584
"Southern Asia","4.3.1.2","all",1993,6623,0.300921032764608,0.289874700974628,0.311967364554589
"Southern Asia","4.3.1.2.EA2","all",1,6623,0.00015098897780462,0,0.000446905031740284
"Southern Asia","4.3.1.2.EA3","all",2,6623,0.000301977955609241,0,0.000720434852869784
"Southern Asia","4.3.1.3","all",26,6623,0.00392571342292013,0.0024196826192703,0.00543174422656995
"Southern Asia","4.3.1.3.Bdq","all",92,6623,0.0138909859580251,0.011072228590637,0.0167097433254131
"Southern Europe","4","2015",1,1,1,1,1
"Southern Europe","2","2017",1,2,0.5,0,1
"Southern Europe","2.2","2017",1,2,0.5,0,1
"Southern Europe","4.3.1.2","2018",1,1,1,1,1
"Southern Europe","2.3.2","2019",1,1,1,1,1
"Southern Europe","2.3.2","2020",1,1,1,1,1
"Southern Europe","2","all",1,6,0.166666666666667,0,0.464871170197257
"Southern Europe","2.2","all",1,6,0.166666666666667,0,0.464871170197257
"Southern Europe","2.3.2","all",2,6,0.333333333333333,0,0.710535509203889
"Southern Europe","4","all",1,6,0.166666666666667,0,0.464871170197257
"Southern Europe","4.3.1.2","all",1,6,0.166666666666667,0,0.464871170197257
"Western Africa","0.0.3","2010",5,50,0.1,0.016844242532462,0.183155757467538
"Western Africa","2.1","2010",1,50,0.02,0,0.0588060201515177
"Western Africa","2.3.2","2010",3,50,0.06,0,0.125827994045087
"Western Africa","3.1.1","2010",33,50,0.66,0.528694627680357,0.791305372319643
"Western Africa","3.3","2010",1,50,0.02,0,0.0588060201515177
"Western Africa","4.1","2010",6,50,0.12,0.0299252577022837,0.210074742297716
"Western Africa","4.1.1","2010",1,50,0.02,0,0.0588060201515177
"Western Africa","0.0.3","2011",1,49,0.0204081632653061,0,0.0599978960097376
"Western Africa","2.1","2011",1,49,0.0204081632653061,0,0.0599978960097376
"Western Africa","2.2","2011",1,49,0.0204081632653061,0,0.0599978960097376
"Western Africa","2.3.2","2011",6,49,0.122448979591837,0.0306639601392138,0.21423399904446
"Western Africa","3.1.1","2011",39,49,0.795918367346939,0.68307026644333,0.908766468250547
"Western Africa","4.1","2011",1,49,0.0204081632653061,0,0.0599978960097376
"Western Africa","2.3.1","2012",5,35,0.142857142857143,0.0269261288876273,0.258788156826658
"Western Africa","2.3.2","2012",15,35,0.428571428571429,0.264620216316075,0.592522640826782
"Western Africa","3.1","2012",1,35,0.0285714285714286,0,0.0837656311655417
"Western Africa","3.1.1","2012",12,35,0.342857142857143,0.185600664453231,0.500113621261055
"Western Africa","4.1","2012",1,35,0.0285714285714286,0,0.0837656311655417
"Western Africa","4.1.1","2012",1,35,0.0285714285714286,0,0.0837656311655417
"Western Africa","0.0.1","2013",2,81,0.0246913580246914,0,0.0584867187604307
"Western Africa","2.2","2013",14,81,0.17283950617284,0.0904958849136281,0.255183127432051
"Western Africa","2.3.1","2013",2,81,0.0246913580246914,0,0.0584867187604307
"Western Africa","2.3.2","2013",8,81,0.0987654320987654,0.0337921259033049,0.163738738294226
"Western Africa","3.1.1","2013",53,81,0.654320987654321,0.550748240995484,0.757893734313158
"Western Africa","4.1","2013",1,81,0.0123456790123457,0,0.0363933785234545
"Western Africa","4.1.1","2013",1,81,0.0123456790123457,0,0.0363933785234545
"Western Africa","2.3.2","2014",3,3,1,1,1
"Western Africa","2.3.1","2015",1,7,0.142857142857143,0,0.402086770793457
"Western Africa","3.1.1","2015",6,7,0.857142857142857,0.597913229206543,1
"Western Africa","2.3.1","2016",1,6,0.166666666666667,0,0.464871170197257
"Western Africa","3.1.1","2016",5,6,0.833333333333333,0.535128829802743,1
"Western Africa","2.2","2017",2,23,0.0869565217391304,0,0.20211315586058
"Western Africa","2.3.1","2017",2,23,0.0869565217391304,0,0.20211315586058
"Western Africa","3.1.1","2017",18,23,0.782608695652174,0.614036644192729,0.951180747111619
"Western Africa","4.1","2017",1,23,0.0434782608695652,0,0.126822513736242
"Western Africa","0.0.3","2018",1,7,0.142857142857143,0,0.402086770793457
"Western Africa","2.3.1","2018",1,7,0.142857142857143,0,0.402086770793457
"Western Africa","2.3.2","2018",2,7,0.285714285714286,0,0.620378296327916
"Western Africa","3.1.1","2018",3,7,0.428571428571429,0.0619653729749614,0.795177484167896
"Western Africa","2.3.1","2019",3,6,0.5,0.0999166753454143,0.900083324654586
"Western Africa","3.1.1","2019",3,6,0.5,0.0999166753454143,0.900083324654586
"Western Africa","0.0.1","all",2,267,0.00749063670411985,0,0.0178331744392534
"Western Africa","0.0.3","all",7,267,0.0262172284644195,0.00705152019290598,0.045382936735933
"Western Africa","2.1","all",2,267,0.00749063670411985,0,0.0178331744392534
"Western Africa","2.2","all",17,267,0.0636704119850187,0.0343828214352651,0.0929580025347723
"Western Africa","2.3.1","all",15,267,0.0561797752808989,0.0285590499439398,0.083800500617858
"Western Africa","2.3.2","all",37,267,0.138576779026217,0.0971335143598234,0.180020043692611
"Western Africa","3.1","all",1,267,0.00374531835205993,0,0.0110723825649765
"Western Africa","3.1.1","all",172,267,0.644194756554307,0.586767878711402,0.701621634397212
"Western Africa","3.3","all",1,267,0.00374531835205993,0,0.0110723825649765
"Western Africa","4.1","all",10,267,0.0374531835205993,0.0146783222102977,0.0602280448309008
"Western Africa","4.1.1","all",3,267,0.0112359550561798,0,0.0238790025712124
"Western Asia","4.3.1.1","2010",1,2,0.5,0,1
"Western Asia","4.3.1.2","2010",1,2,0.5,0,1
"Western Asia","2.2.2","2011",2,4,0.5,0.01,0.99
"Western Asia","3.3.1","2011",1,4,0.25,0,0.674352447854375
"Western Asia","4.3.1.1","2011",1,4,0.25,0,0.674352447854375
"Western Asia","4.3.1.1","2014",1,2,0.5,0,1
"Western Asia","4.3.1.2","2014",1,2,0.5,0,1
"Western Asia","0.1","2015",1,1,1,1,1
"Western Asia","2","2016",1,3,0.333333333333333,0,0.866777766206114
"Western Asia","4.3.1.1","2016",2,3,0.666666666666667,0.133222233793886,1
"Western Asia","4.3.1","2017",1,2,0.5,0,1
"Western Asia","4.3.1.1","2017",1,2,0.5,0,1
"Western Asia","2.2.1","2018",1,3,0.333333333333333,0,0.866777766206114
"Western Asia","4.3.1.1","2018",2,3,0.666666666666667,0.133222233793886,1
"Western Asia","4.3.1","2019",2,4,0.5,0.01,0.99
"Western Asia","4.3.1.2","2019",2,4,0.5,0.01,0.99
"Western Asia","0.1","all",1,21,0.0476190476190476,0,0.138703054427577
"Western Asia","2","all",1,21,0.0476190476190476,0,0.138703054427577
"Western Asia","2.2.1","all",1,21,0.0476190476190476,0,0.138703054427577
"Western Asia","2.2.2","all",2,21,0.0952380952380952,0,0.220788734276544
"Western Asia","3.3.1","all",1,21,0.0476190476190476,0,0.138703054427577
"Western Asia","4.3.1","all",3,21,0.142857142857143,0,0.2925234383281
"Western Asia","4.3.1.1","all",8,21,0.380952380952381,0.173248888587085,0.588655873317677
"Western Asia","4.3.1.2","all",4,21,0.19047619047619,0.0225255804522689,0.358426800500112
"Western Europe","3.3.1","2016",1,1,1,1,1
"Western Europe","2.3.2","2019",1,1,1,1,1
"Western Europe","2.3.2","2020",1,1,1,1,1
"Western Europe","2.3.2","all",2,3,0.666666666666667,0.133222233793886,1
"Western Europe","3.3.1","all",1,3,0.333333333333333,0,0.866777766206114
